{"nodes":{"node:10756239008253991947":{"location":{"x":531,"y":120}},"node:2540916740295549079":{"location":{"x":965,"y":241}},"node:4848438275237054583":{"location":{"x":810,"y":457}},"node:8522262734548141144":{"location":{"x":646,"y":309}}},"selection":null,"view":{"scroll":{"x":224.666717529296875,"y":-6.33319854736328125},"visible_rect":{"max":{"x":1084.666748046875,"y":544.66680908203125},"min":{"x":224.666717529296875,"y":-6.33319854736328125}},"zoom":1}}